Imie,Nazwisko,PESEL,Nr_Prawa_Jazdy,Telefon,Email
Piotr,Wiśniewski,59081618205,84679/96/1949,+48706147330,piotr.wiśniewski8@email.com
Marcin,Kowalczyk,57012617907,50736/25/7351,+48378848983,marcin.kowalczyk71@email.com
Krzysztof,Nowak,97031428167,55064/61/8038,+48739913288,krzysztof.nowak16@email.com
Tomasz,Kamiński,53042345398,86734/87/1063,+48986372785,tomasz.kamiński63@email.com
Piotr,Kamiński,86021134812,95924/83/7046,+48655066883,piotr.kamiński12@email.com
Agnieszka,Lewandowski,66092677343,35691/75/2311,+48858839968,agnieszka.lewandowski79@email.com
Marcin,Woźniak,77072110291,26263/51/4743,+48733681398,marcin.woźniak8@email.com
Krzysztof,Nowak,56040948677,35581/20/8462,+48214367278,krzysztof.nowak83@email.com
Tomasz,Kowalczyk,80012686502,73747/17/9548,+48257631686,tomasz.kowalczyk76@email.com
Piotr,Zieliński,66120197428,66447/61/9509,+48680060040,piotr.zieliński14@email.com
